test,int,dom
Jonathan Garrison,28,barr.com
Tanya Hill,26,flores.com
Marc Fry,28,williams-steele.net
Tara Brewer,24,davis.com
Renee Mcdaniel,26,ray.biz
Gary Fischer,24,bowen-dunlap.com
Kimberly Tucker,24,powell.net
Jonathan Williams,28,williams-hale.com
Kathy Washington,24,bell.com
Brent Collins,24,ferguson.info
Jennifer Stephens,28,duncan.com
Robert French,28,allen.com
Brandon Mueller,23,harris.net
Mark Moss,27,jones.com
Victoria Robinson,23,watson.com
Kristina Hardin,28,lee.net
Nancy Miller,27,anderson.com
Michele Morgan,23,kennedy.com
Kenneth Flores,24,lewis-hensley.com
Connie Oliver,24,stephenson.net
Ryan Edwards,25,parker.com
David Dawson DDS,24,sherman.info
Melissa Green,24,perez.com
Jeremiah Kaiser,23,bell-vasquez.com
Nathan Miller,24,stephens-snyder.org
Donna Garrison,27,smith.com
Rebecca Khan,23,gonzalez.info
Ashley Williamson MD,24,edwards.com
Kevin Gilmore,23,taylor-ward.org
Michael Lee,26,mcguire.com
Kelsey Kelley,26,thompson.com
Paul Shelton,23,cordova-james.com
Justin Johnson,25,harding.com
Aimee Price,23,adams.com
David Joseph,27,vaughan.com
Melinda Allen,24,turner.biz
Andrea Hinton,27,molina.com
Amanda Baker,24,davidson.com
Holly King,27,diaz-allen.com
Kyle Webb,24,jones.net
Jessica Brown,24,cook.com
Richard Wallace,24,dixon.org
Kevin Cruz,27,hamilton.com
Steven Price,28,valentine.com
Adam Beck,25,jacobs-myers.com
